frameIndex,frameTime,pcm_loudness_sma,pcm_fftMag_mfcc_sma[0],pcm_fftMag_mfcc_sma[1],pcm_fftMag_mfcc_sma[2],pcm_fftMag_mfcc_sma[3],pcm_fftMag_mfcc_sma[4],pcm_fftMag_mfcc_sma[5],pcm_fftMag_mfcc_sma[6],pcm_fftMag_mfcc_sma[7],pcm_fftMag_mfcc_sma[8],pcm_fftMag_mfcc_sma[9],pcm_fftMag_mfcc_sma[10],pcm_fftMag_mfcc_sma[11],pcm_fftMag_mfcc_sma[12],pcm_fftMag_mfcc_sma[13],pcm_fftMag_mfcc_sma[14],logMelFreqBand_sma[0],logMelFreqBand_sma[1],logMelFreqBand_sma[2],logMelFreqBand_sma[3],logMelFreqBand_sma[4],logMelFreqBand_sma[5],logMelFreqBand_sma[6],logMelFreqBand_sma[7],lspFreq_sma[0],lspFreq_sma[1],lspFreq_sma[2],lspFreq_sma[3],lspFreq_sma[4],lspFreq_sma[5],lspFreq_sma[6],lspFreq_sma[7],F0finEnv_sma,voicingFinalUnclipped_sma,pcm_loudness_sma_de,pcm_fftMag_mfcc_sma_de[0],pcm_fftMag_mfcc_sma_de[1],pcm_fftMag_mfcc_sma_de[2],pcm_fftMag_mfcc_sma_de[3],pcm_fftMag_mfcc_sma_de[4],pcm_fftMag_mfcc_sma_de[5],pcm_fftMag_mfcc_sma_de[6],pcm_fftMag_mfcc_sma_de[7],pcm_fftMag_mfcc_sma_de[8],pcm_fftMag_mfcc_sma_de[9],pcm_fftMag_mfcc_sma_de[10],pcm_fftMag_mfcc_sma_de[11],pcm_fftMag_mfcc_sma_de[12],pcm_fftMag_mfcc_sma_de[13],pcm_fftMag_mfcc_sma_de[14],logMelFreqBand_sma_de[0],logMelFreqBand_sma_de[1],logMelFreqBand_sma_de[2],logMelFreqBand_sma_de[3],logMelFreqBand_sma_de[4],logMelFreqBand_sma_de[5],logMelFreqBand_sma_de[6],logMelFreqBand_sma_de[7],lspFreq_sma_de[0],lspFreq_sma_de[1],lspFreq_sma_de[2],lspFreq_sma_de[3],lspFreq_sma_de[4],lspFreq_sma_de[5],lspFreq_sma_de[6],lspFreq_sma_de[7],F0finEnv_sma_de,voicingFinalUnclipped_sma_de,F0final_sma,jitterLocal_sma,jitterDDP_sma,shimmerLocal_sma,F0final_sma_de,jitterLocal_sma_de,jitterDDP_sma_de,shimmerLocal_sma_de
0,0.000000,2.196136e-01,-3.983725e+01,-1.683860e+01,-7.885006e+00,-2.440041e+01,-2.749576e+01,-6.358305e+00,7.019754e+00,1.001594e+01,-7.110096e+00,9.192619e+00,-1.615160e-01,1.896643e+00,-1.854632e+01,-7.259645e+00,-1.587174e+01,-7.551393e+00,-3.856783e+00,-3.216535e+00,-3.724022e+00,-5.160416e+00,-3.897061e+00,-3.389303e+00,-2.818228e+00,4.232518e-01,5.390397e-01,7.888653e-01,1.116008e+00,1.524378e+00,1.604650e+00,1.910357e+00,2.623487e+00,0,2.232308e-01,-2.527847e-02,3.650391e-01,2.425993e-01,7.971730e-01,1.981468e-01,4.504223e-01,1.710532e+00,1.774053e+00,2.640749e+00,2.796404e-01,1.006983e+00,6.858843e-01,2.169604e+00,1.386694e+00,1.528386e+00,2.477360e-01,4.309707e-02,-5.037589e-02,7.175419e-02,4.741774e-02,-8.163452e-03,9.987498e-03,2.170823e-02,7.998762e-02,3.327072e-04,-1.225621e-03,-6.524068e-03,-4.422200e-03,-5.286050e-03,9.863377e-05,-1.912042e-02,-3.288662e-02,0,1.052157e-01,0,0,0,0,0,0,0,0
1,0.010000,1.613256e-01,-3.915232e+01,-1.661245e+01,-7.007116e+00,-2.369739e+01,-2.574468e+01,-2.334061e+00,1.005238e+01,1.520110e+01,-6.032942e+00,1.195336e+01,5.191414e-01,4.948658e+00,-1.684323e+01,-3.838351e+00,-1.460771e+01,-7.528107e+00,-4.016596e+00,-3.120504e+00,-3.678111e+00,-5.112476e+00,-3.861437e+00,-3.343480e+00,-2.660901e+00,4.224168e-01,5.369403e-01,7.830387e-01,1.103183e+00,1.499318e+00,1.597576e+00,1.850979e+00,2.513675e+00,0,4.330237e-01,-2.848083e-02,4.791996e-01,2.441113e-01,9.548659e-01,-8.710060e-02,8.143011e-01,3.243072e+00,2.376437e+00,2.273934e+00,-3.338700e-01,1.467339e+00,1.057062e+00,2.964361e+00,2.364871e+00,1.828006e+00,2.273689e-01,7.204495e-02,-1.372034e-01,7.509281e-02,1.461727e-01,-2.392325e-02,-4.548907e-03,2.965064e-02,1.189048e-01,2.606031e-03,3.386253e-03,-1.283712e-02,-7.371128e-03,-5.316436e-03,1.661479e-03,-1.245430e-02,-3.235469e-02,0,1.237239e-01,0,0,0,0,0,0,0,0
2,0.020000,1.223653e-01,-3.835452e+01,-1.573868e+01,-4.338087e+00,-2.376119e+01,-2.611918e+01,1.822352e-01,1.437371e+01,2.062711e+01,-6.250472e+00,1.284717e+01,2.927577e+00,1.121865e+01,-1.246440e+01,-1.328363e+00,-1.526507e+01,-7.347551e+00,-4.028756e+00,-2.905779e+00,-3.509888e+00,-5.225204e+00,-3.864936e+00,-3.303674e+00,-2.496954e+00,4.253328e-01,5.339614e-01,7.591583e-01,1.100310e+00,1.510478e+00,1.608680e+00,1.844443e+00,2.513959e+00,0,6.444131e-01,-2.597333e-02,6.099876e-01,5.145487e-01,7.022473e-01,-2.764271e-01,1.305793e+00,4.001566e+00,1.915937e+00,3.170865e-01,-9.874038e-01,1.356133e+00,1.664033e+00,2.654788e+00,2.430524e+00,9.838421e-01,-5.296116e-02,1.432416e-01,-1.406057e-01,6.926050e-02,2.732734e-01,7.674551e-03,-1.442082e-02,3.551073e-02,1.107126e-01,9.653360e-03,1.336870e-02,-1.410153e-02,-2.434206e-03,1.963735e-03,6.270146e-03,2.881057e-02,6.888914e-03,0,1.010532e-01,0,0,0,0,0,0,0,0
3,0.030000,1.258336e-01,-3.818262e+01,-1.616800e+01,-4.884137e+00,-2.515553e+01,-2.411254e+01,6.586786e+00,1.522497e+01,1.608003e+01,-9.209259e+00,1.470204e+01,3.579248e+00,1.205744e+01,-9.762935e+00,-1.085258e+00,-1.503823e+01,-7.293089e+00,-4.456813e+00,-2.996448e+00,-3.100225e+00,-5.247639e+00,-3.935869e+00,-3.283865e+00,-2.384341e+00,4.352414e-01,5.585102e-01,7.395332e-01,1.087002e+00,1.504746e+00,1.610942e+00,1.881042e+00,2.516477e+00,0,6.312593e-01,-1.777072e-02,6.908520e-01,8.399663e-01,-2.188739e-01,-7.017666e-01,2.143541e+00,3.974139e+00,-4.211445e-02,-2.974602e+00,-1.679967e+00,1.098575e-01,1.058516e+00,2.981758e-03,7.408675e-01,-4.080148e-01,4.962850e-01,2.295439e-01,-1.035049e-01,6.064653e-02,3.697503e-01,1.157149e-01,-4.102409e-02,1.483283e-02,5.614171e-02,1.217853e-02,2.162218e-02,-7.549840e-03,-3.598011e-03,2.442372e-03,4.132724e-03,7.171755e-02,4.681563e-02,0,3.945454e-02,0,0,0,0,0,0,0,0
4,0.040000,1.074929e-01,-3.727217e+01,-1.448808e+01,-5.435259e+00,-2.505348e+01,-2.178287e+01,9.189105e+00,1.401315e+01,1.116191e+01,-1.045896e+01,1.459894e+01,6.628596e+00,1.161619e+01,-9.933854e+00,-3.716981e+00,-1.592129e+01,-6.952693e+00,-4.339703e+00,-2.932260e+00,-2.646598e+00,-5.054462e+00,-3.931950e+00,-3.241557e+00,-2.402945e+00,4.651063e-01,5.950983e-01,7.401104e-01,1.111928e+00,1.531483e+00,1.629317e+00,2.039378e+00,2.656530e+00,0,6.293790e-01,-2.216476e-02,9.768025e-01,1.480468e+00,-7.847036e-01,-9.145740e-01,2.655781e+00,2.711057e+00,-1.714878e+00,-4.198857e+00,-2.454662e+00,-2.211329e+00,-5.147511e-01,-2.714124e+00,-1.110782e+00,-3.926837e-01,1.859159e+00,3.825849e-01,1.151085e-03,1.413413e-01,3.824762e-01,2.300132e-01,-2.978733e-02,-1.609142e-02,2.525711e-03,1.101102e-02,2.222987e-02,-7.554352e-04,-1.493394e-02,-5.970574e-03,-2.798665e-03,7.004231e-02,4.713428e-02,0,2.229571e-03,0,0,0,0,0,0,0,0
5,0.050000,7.990813e-02,-3.623924e+01,-1.303792e+01,-7.552899e+00,-2.656008e+01,-1.719514e+01,1.303320e+01,1.002209e+01,5.060692e+00,-1.232853e+01,1.162676e+01,3.961210e+00,4.764798e+00,-1.440417e+01,-4.684116e+00,-1.179818e+01,-6.577816e+00,-4.378647e+00,-2.804031e+00,-2.261005e+00,-4.619272e+00,-4.033051e+00,-3.300374e+00,-2.427197e+00,4.634227e-01,6.144827e-01,7.548134e-01,1.079384e+00,1.501027e+00,1.607921e+00,2.112099e+00,2.676468e+00,0,6.378134e-01,-2.372732e-02,1.126369e+00,1.819477e+00,-2.268818e-01,-8.266060e-01,1.652932e+00,5.380246e-01,-1.826084e+00,-2.679430e+00,-2.121803e+00,-4.461201e+00,-2.734481e+00,-4.129239e+00,-2.798105e+00,1.121691e+00,2.117006e+00,4.821840e-01,1.435926e-01,2.534761e-01,2.331647e-01,2.276678e-01,-8.515382e-03,4.032588e-03,-1.816997e-02,-1.000160e-03,3.764343e-03,-9.538353e-04,-2.566584e-02,-1.525855e-02,-7.457686e-03,9.532213e-03,6.628036e-03,1.510000e+01,1.186261e-02,0,0,0,0,1.510000e+01,0,0,0
6,0.060000,3.450421e-02,-3.444220e+01,-9.901381e+00,-6.927224e+00,-2.763178e+01,-1.629898e+01,1.051431e+01,8.400756e+00,5.142488e+00,-1.696415e+01,3.328165e+00,1.628404e-01,1.294356e+00,-1.569769e+01,-1.492352e+00,-7.589303e+00,-5.792263e+00,-4.062083e+00,-2.295282e+00,-2.017117e+00,-4.389321e+00,-3.965282e+00,-3.375876e+00,-2.462898e+00,4.662972e-01,6.171244e-01,7.477410e-01,1.029449e+00,1.482484e+00,1.596197e+00,2.079126e+00,2.669635e+00,0,6.522838e-01,-7.646521e-03,9.918976e-01,1.646326e+00,6.076680e-01,-1.541622e-01,7.202900e-01,-3.080889e-01,-5.431522e-01,-1.246902e+00,-1.155133e+00,-4.853034e+00,-5.066831e+00,-4.426659e+00,-2.971607e+00,2.147726e+00,1.049328e+00,5.124565e-01,1.553955e-01,2.642662e-01,5.221047e-02,1.474431e-01,1.447780e-02,4.374848e-02,-2.830863e-02,-1.201953e-02,-1.414255e-02,-7.028324e-03,-3.479594e-02,-2.739065e-02,-7.217514e-03,-6.920854e-02,-6.440370e-02,3.768993e+01,2.114152e-02,0,0,0,0,3.750972e+01,0,0,3.352672e-03
7,0.070000,4.369137e-02,-3.396576e+01,-9.363968e+00,-5.272563e+00,-2.799941e+01,-1.858982e+01,8.614305e+00,8.900743e+00,5.692594e+00,-1.656568e+01,-1.968572e+00,-6.860281e+00,-3.427835e+00,-2.087154e+01,3.410884e+00,-8.619189e+00,-5.462385e+00,-3.877661e+00,-2.047557e+00,-2.249141e+00,-4.441870e+00,-3.961779e+00,-3.196543e+00,-2.445215e+00,4.296452e-01,5.663188e-01,7.309487e-01,9.999123e-01,1.452953e+00,1.590214e+00,1.908829e+00,2.543065e+00,7.550002e+01,6.791199e-01,1.824073e-02,6.178493e-01,1.221055e+00,1.271741e+00,6.421524e-01,-2.286867e-01,-7.799610e-01,8.280317e-01,5.255969e-01,6.829574e-01,-2.765605e+00,-5.498684e+00,-3.651904e+00,-2.414364e+00,1.816064e+00,-1.693394e+00,4.236918e-01,1.931076e-01,1.928121e-01,-1.119019e-01,4.589023e-02,2.534261e-02,6.162591e-02,-3.334608e-02,-1.697896e-02,-2.543753e-02,-1.069182e-02,-2.689785e-02,-3.106148e-02,-1.071215e-04,-1.114396e-01,-8.634098e-02,6.020626e+01,2.967451e-02,7.550002e+01,0,0,0,5.980520e+01,1.976289e-04,0,8.340089e-03
8,0.080000,8.736873e-02,-3.344942e+01,-8.093424e+00,-3.537087e+00,-2.510463e+01,-1.748407e+01,9.858108e+00,1.185806e+01,4.611451e+00,-1.411605e+01,-2.868566e+00,-1.329481e+01,-6.420787e+00,-2.155820e+01,2.974151e+00,-1.226414e+01,-4.948126e+00,-3.813219e+00,-1.989166e+00,-2.391477e+00,-4.405947e+00,-3.895196e+00,-3.074731e+00,-2.535479e+00,4.218974e-01,5.484675e-01,7.169011e-01,9.776843e-01,1.418567e+00,1.602083e+00,1.794971e+00,2.401213e+00,1.506997e+02,7.144334e-01,4.070910e-02,2.175324e-01,6.619668e-01,1.121897e+00,9.886513e-01,-2.909927e-01,-1.267314e-01,1.069152e+00,2.085355e+00,2.674736e+00,-7.843323e-02,-5.100063e+00,-3.113151e+00,-1.180316e+00,7.686831e-01,-3.180555e+00,2.468907e-01,1.638417e-01,1.187445e-01,-1.779207e-01,2.960772e-02,-4.469013e-03,2.918823e-02,-2.190013e-02,-1.402858e-02,-2.471311e-02,-1.178987e-02,-2.424192e-02,-4.001443e-02,-7.723403e-03,-1.031039e-01,-1.188209e-01,6.004280e+01,3.378121e-02,1.497986e+02,0,0,1.676336e-02,5.955243e+01,4.399297e-03,3.917388e-03,2.163012e-02
9,0.090000,1.446795e-01,-3.364639e+01,-7.836620e+00,-2.889264e+00,-2.461289e+01,-1.774602e+01,9.461496e+00,1.243359e+01,7.954195e+00,-1.033780e+01,8.970998e-01,-1.680338e+01,-9.637147e+00,-2.354573e+01,2.162953e+00,-1.792773e+01,-4.881425e+00,-3.537541e+00,-1.993028e+00,-2.633334e+00,-4.381508e+00,-3.941380e+00,-3.142817e+00,-2.557636e+00,4.007278e-01,5.216236e-01,7.167743e-01,9.707773e-01,1.377679e+00,1.604442e+00,1.696979e+00,2.378974e+00,2.256814e+02,7.551112e-01,3.544534e-02,7.959671e-02,5.153644e-01,3.423066e-01,2.883877e-01,-9.500030e-01,-3.599016e-01,1.182683e-01,4.210301e+00,2.988039e+00,1.138844e+00,-2.304960e+00,-1.651172e+00,1.139395e-01,-2.996291e-01,-2.554509e+00,5.470800e-02,2.325581e-01,1.474974e-01,-1.116699e-01,3.552985e-02,-2.428293e-02,-3.658180e-02,8.554459e-03,-2.435002e-03,-1.608146e-02,-8.096921e-03,-1.129206e-02,-2.938929e-02,-1.185805e-02,-4.502783e-02,-7.461131e-02,3.730454e+01,3.064303e-02,2.241267e+02,9.881444e-04,0,3.331876e-02,3.703980e+01,7.050802e-03,7.766551e-03,3.313969e-02
10,0.100000,1.875556e-01,-3.351423e+01,-7.355220e+00,-2.509390e+00,-2.438178e+01,-1.817584e+01,9.457061e+00,1.198009e+01,1.443846e+01,-6.704405e+00,1.503163e+00,-2.036592e+01,-1.116674e+01,-2.026218e+01,2.975028e+00,-1.883781e+01,-4.848289e+00,-3.412935e+00,-1.728824e+00,-2.714625e+00,-4.271463e+00,-3.997826e+00,-3.256798e+00,-2.516188e+00,4.106130e-01,5.159065e-01,6.958789e-01,9.228067e-01,1.320049e+00,1.550466e+00,1.669531e+00,2.157576e+00,2.251233e+02,7.831942e-01,2.028693e-02,-8.680344e-03,2.510101e-01,-6.443620e-03,-8.035234e-01,-1.757175e+00,-5.484951e-01,-1.928712e+00,4.181294e+00,2.194290e+00,7.378051e-01,6.155455e-01,1.291182e-01,6.936314e-01,-5.562929e-01,-8.406311e-01,-9.719572e-02,2.386254e-01,1.508728e-01,-2.273989e-02,1.966791e-02,-9.005845e-02,-4.863274e-02,6.639703e-02,3.999013e-03,-8.608651e-03,-4.522765e-03,-1.473087e-03,-9.016800e-03,-1.585925e-02,1.224692e-02,-2.531009e-02,1.470700e+01,2.150667e-02,2.234488e+02,2.150241e-02,1.958694e-02,9.149120e-02,1.486438e+01,7.561509e-03,8.794038e-03,4.051390e-02
11,0.110000,1.708246e-01,-3.353537e+01,-7.156248e+00,-4.074879e+00,-2.691889e+01,-2.299395e+01,7.015320e+00,9.431068e+00,2.183060e+01,-5.331304e+00,1.539783e+00,-1.484952e+01,-9.310719e+00,-2.094985e+01,1.912300e+00,-1.810490e+01,-5.238763e+00,-2.915012e+00,-1.440241e+00,-2.645917e+00,-4.331463e+00,-4.031879e+00,-3.288418e+00,-2.412088e+00,4.231124e-01,5.021920e-01,7.009752e-01,9.708907e-01,1.355265e+00,1.556732e+00,1.746409e+00,2.291827e+00,2.248109e+02,7.979546e-01,5.763005e-03,1.318893e-02,1.011641e-01,-1.348417e-01,-1.407574e+00,-2.124806e+00,-4.157140e-01,-2.432552e+00,1.567605e+00,2.451918e-01,-8.213961e-02,3.493373e+00,1.673481e+00,7.033615e-01,-2.069847e+00,5.384281e-01,-1.267840e-01,2.061725e-01,9.863156e-02,1.127928e-01,-3.760662e-02,-1.034897e-01,-2.598720e-02,7.865439e-02,6.359726e-03,7.350922e-04,-3.518045e-04,6.391210e-03,2.428248e-02,-5.512714e-04,6.687155e-02,6.931643e-02,-3.001785e-01,9.216624e-03,2.238739e+02,2.450281e-02,2.903929e-02,1.283345e-01,-2.168732e-02,2.407140e-03,3.684973e-03,3.554739e-02
12,0.120000,1.757308e-01,-3.354833e+01,-7.178560e+00,-2.976498e+00,-2.796925e+01,-2.364598e+01,8.338720e+00,3.715759e+00,1.857972e+01,-5.647842e+00,4.991184e-01,-1.119401e+01,-5.938410e+00,-1.938799e+01,3.180129e-01,-1.637871e+01,-5.255436e+00,-2.931357e+00,-1.511195e+00,-2.498885e+00,-4.332630e+00,-4.300239e+00,-3.245094e+00,-2.276268e+00,4.307002e-01,5.151400e-01,7.021868e-01,9.702621e-01,1.384690e+00,1.546642e+00,1.831490e+00,2.318236e+00,2.246699e+02,8.005450e-01,-5.135901e-03,-8.288498e-02,-1.259652e-01,4.137276e-01,-1.008596e+00,-2.016358e+00,-7.143835e-01,-1.741276e+00,-1.235978e+00,-1.812122e+00,-2.892348e-01,4.977859e+00,2.293715e+00,2.730171e-01,-2.688370e+00,3.134554e-01,-7.729597e-02,1.345146e-01,-3.182041e-02,1.308025e-01,-1.339377e-01,-6.607966e-02,-4.791260e-03,5.921090e-02,-1.438281e-03,4.507005e-03,3.740311e-04,4.896331e-03,4.311416e-02,1.200148e-02,6.502278e-02,1.311049e-01,-2.567749e-01,-5.189383e-03,2.242469e+02,2.605022e-02,2.945054e-02,1.718250e-01,-1.265823e-01,-3.345252e-03,-4.623293e-03,1.095970e-02
13,0.130000,1.794070e-01,-3.356339e+01,-7.419130e+00,-3.329919e+00,-2.985703e+01,-2.563499e+01,7.942097e+00,4.402999e+00,1.372159e+01,-9.640118e+00,9.884240e-01,-3.922476e+00,-3.883909e+00,-2.046602e+01,-6.857774e+00,-1.646514e+01,-5.311772e+00,-2.747468e+00,-1.608685e+00,-2.177240e+00,-4.538958e+00,-4.307622e+00,-3.278605e+00,-2.284324e+00,4.224828e-01,5.256823e-01,7.118613e-01,9.790056e-01,1.466771e+00,1.603598e+00,1.950357e+00,2.645226e+00,2.244072e+02,7.925189e-01,5.209273e-03,-2.126408e-01,-3.218280e-01,1.131529e+00,4.436895e-01,-1.363545e+00,-1.120197e+00,6.310457e-01,-2.194808e+00,-2.881009e+00,-6.835147e-01,3.059391e+00,2.393821e+00,7.411503e-01,-1.688620e+00,-3.321913e-01,1.056409e-02,-4.228473e-02,-1.275450e-01,1.740744e-02,-2.117558e-01,2.505059e-02,1.245329e-02,9.195184e-03,-7.886183e-03,5.684233e-03,-6.270671e-03,-8.713007e-05,3.851652e-02,1.401782e-02,2.640348e-02,9.133074e-02,-2.806900e-01,-1.990733e-02,2.236192e+02,1.074994e-02,1.349306e-02,1.708888e-01,-1.525671e+01,-4.516918e-03,-7.562087e-03,-1.735481e-02
14,0.140000,1.575850e-01,-3.391464e+01,-7.853605e+00,-8.132325e-01,-2.795569e+01,-2.693712e+01,5.421755e+00,5.787744e+00,1.231307e+01,-1.361061e+01,3.326685e-01,-9.401541e-01,-2.411574e+00,-1.913901e+01,-6.081785e+00,-1.809041e+01,-5.198265e+00,-2.824134e+00,-1.803704e+00,-2.294950e+00,-4.837405e+00,-4.190353e+00,-3.285661e+00,-2.284015e+00,4.037363e-01,5.266964e-01,6.923060e-01,9.432309e-01,1.479867e+00,1.587041e+00,1.892671e+00,2.636401e+00,2.240412e+02,7.599652e-01,3.027900e-03,-4.011089e-01,-6.364205e-01,1.422615e+00,1.747223e+00,-3.541813e-01,-1.476313e+00,2.523327e+00,-3.284054e-01,-2.875831e+00,-8.230354e-01,1.820648e-01,1.429852e+00,7.109175e-01,9.077325e-01,-1.112917e-01,2.114563e-02,-2.245977e-01,-1.642062e-01,-1.838475e-01,-2.314188e-01,1.117556e-01,1.064019e-02,-3.591752e-03,-1.068649e-02,6.511211e-04,-1.453904e-02,3.807551e-03,1.586380e-02,1.465762e-03,-2.794430e-02,-1.715884e-02,-3.517731e-01,-2.718358e-02,2.229432e+02,1.165259e-02,4.243583e-03,1.250126e-01,-2.292142e+01,-4.592727e-03,-6.815607e-03,-4.341113e-02
15,0.150000,2.059439e-01,-3.441542e+01,-8.427865e+00,5.011322e-01,-2.470722e+01,-2.816611e+01,2.872817e+00,1.155030e+01,1.398988e+01,-1.575497e+01,-1.794566e+00,-4.679497e+00,8.949685e-01,-1.736859e+01,-3.330899e+00,-1.891001e+01,-5.214529e+00,-3.180047e+00,-1.931712e+00,-2.660847e+00,-5.137855e+00,-3.961569e+00,-3.205868e+00,-2.362239e+00,3.971634e-01,5.248349e-01,6.745623e-01,9.839706e-01,1.500259e+00,1.606622e+00,1.847836e+00,2.589398e+00,2.237218e+02,7.187079e-01,1.184557e-02,-5.730060e-01,-8.345534e-01,1.399159e+00,2.398817e+00,9.728231e-01,-1.087935e+00,2.399972e+00,6.004515e-01,-1.512058e+00,-1.107189e+00,-2.601332e+00,2.899435e-01,3.905287e-01,3.591751e+00,9.487182e-01,6.968975e-03,-4.086493e-01,-1.818897e-01,-3.589096e-01,-1.657355e-01,8.863542e-02,2.474604e-02,-1.333885e-02,-8.791533e-03,-2.852404e-03,-1.724894e-02,6.733745e-03,-1.524181e-02,-1.614523e-02,-6.700055e-02,-1.475910e-01,-3.514038e-01,-2.387648e-02,1.482422e+02,9.117031e-03,3.832328e-03,6.496671e-02,-2.270670e+01,1.391014e-04,-3.102683e-03,-3.331823e-02
16,0.160000,1.776018e-01,-3.512786e+01,-9.856295e+00,2.221051e+00,-2.180804e+01,-2.415133e+01,3.491794e+00,1.275874e+01,1.680355e+01,-1.696957e+01,-2.224564e+00,-9.905180e+00,-1.178589e+00,-1.738211e+01,3.093238e+00,-1.571273e+01,-5.198329e+00,-3.838056e+00,-2.170712e+00,-3.176319e+00,-5.190276e+00,-3.914488e+00,-3.228262e+00,-2.255270e+00,3.899275e-01,5.188193e-01,6.481411e-01,9.868174e-01,1.447265e+00,1.552459e+00,1.743029e+00,2.260356e+00,2.232538e+02,7.015326e-01,3.801884e-03,-5.683582e-01,-9.898556e-01,4.390042e-01,1.680001e+00,1.850076e+00,3.032505e-01,1.797219e+00,9.519585e-01,-4.345089e-01,-4.884911e-01,-2.441457e+00,-8.882462e-01,-7.212925e-02,3.761968e+00,2.002685e+00,-7.638469e-02,-4.553719e-01,-1.487113e-01,-3.223124e-01,-6.753488e-02,5.145705e-02,2.564378e-02,7.618666e-04,-1.799765e-03,-1.871747e-03,-1.124563e-02,4.455370e-03,-3.112195e-02,-1.994762e-02,-6.621665e-02,-1.978588e-01,-3.236267e-01,-9.411002e-03,1.473283e+02,3.903035e-03,2.028734e-04,7.730393e-03,-2.402786e-01,4.390270e-03,-1.136737e-03,-9.687595e-04
17,0.170000,2.286264e-01,-3.582181e+01,-1.059055e+01,2.148734e+00,-2.093677e+01,-2.216377e+01,3.467402e+00,1.291736e+01,1.447861e+01,-1.552092e+01,-3.268907e+00,-1.244662e+01,-3.050684e+00,-1.939182e+01,6.513470e+00,-1.291039e+01,-5.276895e+00,-4.283753e+00,-2.334629e+00,-3.531104e+00,-5.191200e+00,-4.002378e+00,-3.183574e+00,-2.365391e+00,3.854296e-01,5.153588e-01,6.476991e-01,9.908811e-01,1.406863e+00,1.540162e+00,1.690176e+00,2.095294e+00,2.230439e+02,7.023528e-01,1.790777e-04,-4.231686e-01,-8.305810e-01,-4.658405e-01,6.276582e-01,1.831785e+00,1.117868e+00,3.958983e-01,2.271090e-01,5.683954e-01,9.483650e-01,-1.977239e-01,-5.683014e-01,-9.307524e-01,2.375367e+00,1.721706e+00,-1.503367e-01,-3.093041e-01,-1.376613e-01,-1.686781e-01,2.840786e-02,5.238724e-03,2.271650e-02,-6.064391e-03,3.988483e-03,2.298939e-03,6.162471e-03,4.846567e-03,-2.999872e-02,-1.140419e-02,-4.869074e-02,-1.188556e-01,-2.218445e-01,6.294060e-03,1.478932e+02,1.532023e-02,0,6.293876e-02,2.243988e+01,7.791830e-03,5.916403e-04,2.431944e-02
18,0.180000,1.652531e-01,-3.605324e+01,-1.172154e+01,5.579873e-01,-2.144091e+01,-2.068791e+01,6.640715e+00,1.409031e+01,1.682850e+01,-1.590017e+01,-1.372616e+00,-9.263875e+00,-4.879979e+00,-1.848804e+01,7.805872e+00,-1.107680e+01,-5.549005e+00,-4.549140e+00,-2.345802e+00,-3.471384e+00,-5.148407e+00,-3.912663e+00,-3.168589e+00,-2.278630e+00,4.006044e-01,5.220757e-01,6.495095e-01,9.620525e-01,1.370955e+00,1.520532e+00,1.640418e+00,1.894159e+00,2.227620e+02,7.210877e-01,-1.865438e-03,-3.015400e-01,-4.731452e-01,-1.115450e+00,1.359585e-01,9.721361e-01,3.806404e-01,-1.112499e+00,-6.744175e-01,1.044628e+00,2.846074e+00,1.802883e+00,1.233632e+00,-6.771048e-01,-2.358076e-01,1.663565e-01,-1.938716e-01,-5.511604e-02,-1.412524e-01,-2.940385e-02,6.972551e-02,3.467584e-03,-1.403856e-02,-4.374921e-02,7.639036e-03,6.377429e-03,2.522559e-02,1.721987e-02,-7.708442e-03,1.004854e-02,8.155966e-03,2.931943e-02,-8.418731e-02,1.581411e-02,2.219163e+02,3.050234e-02,4.760638e-04,1.211827e-01,2.268517e+01,7.133619e-03,3.040500e-03,4.896980e-02
19,0.190000,2.130137e-01,-3.606857e+01,-1.164815e+01,-9.965385e-01,-2.175249e+01,-2.073889e+01,6.887698e+00,1.286401e+01,1.511295e+01,-1.344769e+01,2.521286e+00,-5.988769e+00,-9.584379e-02,-2.146939e+01,6.189617e+00,-1.261945e+01,-5.790874e+00,-4.371025e+00,-2.532473e+00,-3.356705e+00,-5.016750e+00,-3.936288e+00,-3.122123e+00,-2.380881e+00,4.117674e-01,5.347014e-01,7.046905e-01,1.020586e+00,1.388420e+00,1.565564e+00,1.655688e+00,2.178219e+00,2.228584e+02,7.404006e-01,-8.976266e-03,-2.571762e-01,-1.094427e-01,-1.075930e+00,3.756905e-02,-7.041053e-02,-1.952212e+00,-2.834177e+00,-7.591618e-01,1.141742e+00,3.656213e+00,2.014727e+00,1.564703e+00,-6.599531e-01,-2.009206e+00,-7.822032e-01,-1.644284e-01,2.064096e-01,-1.367102e-01,-3.946056e-02,8.456884e-02,1.251547e-02,-7.877348e-02,-6.802742e-02,4.630280e-03,6.761790e-04,3.956311e-02,4.045821e-02,1.776006e-02,2.201711e-02,7.271043e-02,1.531811e-01,4.927979e-02,1.696887e-02,2.231476e+02,3.477653e-02,6.653935e-03,1.298377e-01,1.535396e+01,1.083011e-03,4.749174e-03,3.298938e-02
20,0.200000,1.760810e-01,-3.651218e+01,-1.169322e+01,-1.783562e+00,-2.072038e+01,-2.000308e+01,3.684848e+00,7.222922e+00,1.311429e+01,-1.278305e+01,9.110709e+00,-4.119690e+00,3.512151e+00,-1.972885e+01,2.076126e+00,-1.502642e+01,-5.910697e+00,-4.070000e+00,-2.778052e+00,-3.410538e+00,-4.928873e+00,-3.930195e+00,-3.329180e+00,-2.466271e+00,4.149538e-01,5.410351e-01,7.457734e-01,1.058064e+00,1.417944e+00,1.590001e+00,1.801053e+00,2.365491e+00,2.229256e+02,7.615793e-01,-5.216347e-03,-1.695896e-01,4.555863e-01,-3.650421e-01,-6.786060e-02,-1.272304e+00,-3.882566e+00,-3.389084e+00,-8.135157e-01,7.054468e-01,1.773642e+00,5.338860e-02,7.903217e-01,-1.282249e-01,-2.421703e+00,-1.373197e+00,-1.613746e-02,3.393973e-01,-3.850012e-02,-8.404519e-02,3.856196e-02,-1.438699e-02,-1.127840e-01,-9.118120e-02,-6.528556e-04,-7.788378e-03,3.356669e-02,4.945239e-02,3.406298e-02,2.445450e-02,1.238884e-01,2.030378e-01,1.673004e-01,4.260504e-03,2.231270e+02,2.984298e-02,1.207840e-02,2.191299e-01,-1.438311e+01,-4.113470e-03,3.387230e-03,1.472229e-02
21,0.210000,1.783311e-01,-3.687822e+01,-1.115192e+01,-2.060142e+00,-2.110919e+01,-2.285823e+01,-4.815724e+00,2.180167e+00,1.253990e+01,-1.137077e+01,9.770494e+00,-4.945079e+00,5.767665e-01,-2.207118e+01,-6.676876e-01,-1.484659e+01,-5.918190e+00,-3.491275e+00,-2.802055e+00,-3.758830e+00,-4.878122e+00,-3.931035e+00,-3.497146e+00,-2.611708e+00,4.014063e-01,5.092600e-01,7.973827e-01,1.145166e+00,1.472169e+00,1.615514e+00,1.973410e+00,2.625534e+00,2.232086e+02,7.669514e-01,-9.898447e-03,7.432632e-02,5.793037e-01,5.738034e-01,-4.356476e-01,-1.597298e+00,-3.247899e+00,-1.270307e+00,8.115094e-01,-2.372828e-02,-5.549791e-01,-1.738513e+00,-6.139086e-01,9.783548e-01,-1.577784e+00,-1.307875e+00,9.801879e-02,2.801687e-01,9.765120e-02,-6.742754e-02,-3.153481e-02,-1.033087e-02,-8.682604e-02,-1.637678e-02,-4.415241e-03,-1.315604e-02,7.718337e-03,3.289547e-02,3.771013e-02,1.536325e-02,1.091830e-01,1.300175e-01,1.915558e-01,-1.240909e-02,2.240576e+02,2.106496e-02,1.794470e-02,1.789120e-01,-3.699688e+01,-6.979708e-03,-9.347256e-05,-2.724962e-02
22,0.220000,1.565127e-01,-3.649636e+01,-9.691720e+00,-7.354214e-01,-2.210187e+01,-2.598976e+01,-6.920404e+00,2.486810e+00,1.404744e+01,-1.341140e+01,3.870990e+00,-9.518777e+00,-1.264675e+00,-1.882827e+01,-8.739888e-01,-1.682921e+01,-5.566034e+00,-3.292029e+00,-2.403512e+00,-3.690548e+00,-5.024910e+00,-3.987225e+00,-3.544997e+00,-2.619122e+00,4.025207e-01,4.958545e-01,7.709969e-01,1.147024e+00,1.499396e+00,1.617830e+00,2.100999e+00,2.685691e+00,2.234235e+02,7.291148e-01,-8.166892e-03,2.717815e-01,5.623419e-01,1.261674e+00,-3.618774e-01,-3.069916e-01,-3.763031e-01,7.912938e-01,1.144298e+00,-2.727240e-01,-2.241403e+00,-2.214674e+00,-3.270294e-01,1.692807e+00,-2.919045e-01,-8.991693e-01,1.595662e-01,5.979245e-02,9.475742e-02,1.638341e-02,-4.911380e-02,-5.215173e-02,-3.312020e-02,4.045155e-02,-6.076112e-03,-7.422986e-03,-1.638771e-02,4.925144e-03,1.307350e-02,2.831376e-03,2.197183e-02,3.989081e-02,2.000458e-01,-2.268773e-02,1.495458e+02,1.679077e-02,1.176683e-02,1.702570e-01,-4.448794e+01,-7.434682e-03,-3.575915e-03,-5.991458e-02
23,0.230000,1.733056e-01,-3.570485e+01,-9.752380e+00,1.348408e+00,-2.323999e+01,-2.573204e+01,-4.049173e+00,8.880535e+00,1.870392e+01,-1.325216e+01,2.366250e+00,-1.198179e+01,-7.769739e-01,-1.702791e+01,-2.242465e-01,-1.825743e+01,-5.473112e+00,-3.359167e+00,-2.231488e+00,-3.553838e+00,-5.126405e+00,-3.959427e+00,-3.448344e+00,-2.386339e+00,3.959077e-01,4.915115e-01,7.306704e-01,1.140583e+00,1.536245e+00,1.628466e+00,2.051630e+00,2.668206e+00,2.235673e+02,6.945874e-01,-1.541861e-02,1.503101e-01,1.961663e-01,1.454413e+00,5.960083e-01,1.960533e+00,2.665493e+00,1.851501e+00,4.959700e-01,-7.120167e-01,-1.764339e+00,-1.494019e+00,1.240615e+00,3.527311e+00,5.705526e-01,-4.622110e-01,1.225307e-01,-2.323290e-01,-4.469273e-02,7.297266e-02,-4.505210e-02,-6.339693e-02,-1.635868e-02,6.466508e-02,-6.786487e-03,6.979731e-03,-2.567149e-02,-1.805658e-02,-6.348157e-03,-4.677713e-03,-5.325773e-02,-3.046959e-02,2.091141e-01,-1.312459e-02,7.495379e+01,6.404092e-03,6.342359e-03,1.802610e-02,-2.212041e+01,-5.892069e-03,-4.765623e-03,-3.452375e-02
24,0.240000,1.377593e-01,-3.573996e+01,-9.581285e+00,2.820531e+00,-2.146437e+01,-2.010114e+01,1.420057e+00,7.829207e+00,1.575377e+01,-1.320598e+01,1.605816e+00,-1.167470e+01,2.553874e+00,-1.378646e+01,3.948834e-01,-1.781685e+01,-5.335406e+00,-3.837091e+00,-2.589549e+00,-3.431117e+00,-5.050301e+00,-4.176757e+00,-3.519182e+00,-2.376698e+00,3.873225e-01,5.127944e-01,6.971909e-01,1.084982e+00,1.451274e+00,1.597681e+00,1.871802e+00,2.543608e+00,2.237465e+02,6.843226e-01,-1.526664e-02,-1.807487e-01,-1.885112e-01,8.902143e-01,9.188311e-01,3.107036e+00,4.018022e+00,1.550215e+00,-1.122507e+00,-8.717152e-01,-1.465122e+00,-5.347704e-01,1.498972e+00,3.070349e+00,5.626237e-01,3.848885e-01,3.378635e-02,-3.947294e-01,-1.658945e-01,9.238815e-02,-2.852664e-02,-9.487507e-02,-1.465359e-02,1.893146e-02,-4.164636e-03,1.622554e-02,-1.490257e-02,-2.198905e-02,-1.851206e-02,-6.219768e-03,-8.312429e-02,-4.111369e-02,2.671188e-01,1.052197e-02,7.523920e+01,0,0,0,2.279786e+01,8.494880e-03,-2.987602e-03,1.042225e-03
25,0.250000,1.106148e-01,-3.650488e+01,-1.022631e+01,3.433947e+00,-1.844790e+01,-1.599988e+01,4.341510e+00,8.766471e+00,1.416659e+01,-1.503357e+01,2.081385e+00,-1.133721e+01,4.870568e+00,-6.955534e+00,1.550640e+00,-1.666383e+01,-5.420851e+00,-4.380389e+00,-2.932500e+00,-3.523682e+00,-5.090688e+00,-4.153253e+00,-3.591847e+00,-2.409595e+00,3.750729e-01,5.356887e-01,7.059281e-01,1.085905e+00,1.464489e+00,1.602199e+00,1.821720e+00,2.544227e+00,2.240927e+02,7.237245e-01,-7.772113e-03,-3.640606e-01,-3.633655e-01,-2.112286e-01,7.104416e-02,2.030341e+00,3.912596e+00,1.315318e+00,-2.033083e+00,-1.536390e+00,-2.278670e+00,-6.632748e-02,8.287131e-01,1.117791e+00,-9.655564e-01,-3.711035e-01,-1.736617e-02,-3.385222e-01,-7.014465e-02,2.045019e-01,-3.763089e-02,-1.005033e-01,8.141756e-04,-3.463416e-02,5.445048e-03,2.351613e-02,-6.247657e-03,-1.842002e-02,-9.345531e-03,-3.247857e-03,-3.693658e-02,-1.136351e-03,3.185410e-01,2.785203e-02,1.506088e+02,0,0,9.142182e-02,4.518627e+01,1.807180e-02,1.072730e-02,5.132348e-02
26,0.260000,1.115248e-01,-3.700009e+01,-1.039731e+01,2.672880e+00,-1.990376e+01,-1.532066e+01,8.974366e+00,1.029492e+01,1.070358e+01,-1.687927e+01,-3.312185e+00,-1.251492e+01,3.406412e+00,-8.512709e+00,1.051687e+00,-1.570157e+01,-5.423233e+00,-4.755065e+00,-2.882478e+00,-3.243685e+00,-5.185402e+00,-4.364687e+00,-3.546514e+00,-2.512837e+00,3.921149e-01,5.548936e-01,7.088552e-01,1.064418e+00,1.442713e+00,1.599864e+00,1.800332e+00,2.542112e+00,2.244964e+02,7.671561e-01,1.537822e-02,-2.141735e-01,-4.261869e-01,-1.259001e+00,-2.034950e+00,-5.785941e-01,2.203190e+00,1.418140e+00,-1.465256e+00,-1.257744e+00,-2.855276e+00,5.600194e-01,-1.074069e+00,-3.251874e+00,-3.456998e+00,-1.516135e+00,-5.520978e-02,-2.944374e-02,1.292170e-01,3.044086e-01,-4.044452e-02,-8.148327e-02,3.255747e-02,-4.401882e-02,1.295911e-02,1.801215e-02,-3.731275e-03,-1.760292e-02,5.442142e-03,1.625323e-03,4.646945e-03,3.095183e-02,3.112198e-01,2.867087e-02,2.257075e+02,6.246722e-02,0,1.387703e-01,3.755048e+01,2.022456e-02,1.806158e-02,4.086104e-02
27,0.270000,1.475623e-01,-3.689508e+01,-1.116119e+01,3.660906e-01,-2.366508e+01,-1.797058e+01,1.173665e+01,1.422427e+01,1.106360e+01,-1.909746e+01,-6.568098e+00,-1.189332e+01,2.940322e+00,-1.407583e+01,-5.380430e+00,-2.117058e+01,-5.516029e+00,-4.592791e+00,-2.435746e+00,-2.625044e+00,-5.247009e+00,-4.367979e+00,-3.430608e+00,-2.491440e+00,4.207368e-01,5.880426e-01,6.936000e-01,1.058765e+00,1.493797e+00,1.611135e+00,1.902682e+00,2.663273e+00,2.247850e+02,7.924308e-01,3.487120e-02,1.225628e-01,-3.455094e-01,-2.050309e+00,-3.514549e+00,-2.090348e+00,2.851194e-01,6.065089e-01,-6.363797e-01,5.377560e-02,-1.917242e+00,1.160301e+00,-2.244217e+00,-6.502367e+00,-4.315225e+00,-2.343257e+00,-8.638535e-02,2.799391e-01,2.532632e-01,3.367443e-01,4.462252e-02,-5.164104e-02,3.852186e-02,-3.160117e-02,1.494249e-02,8.750474e-03,-1.255691e-04,-1.396167e-02,1.340556e-03,6.822777e-03,4.012568e-02,3.393354e-02,2.648224e-01,1.387816e-02,2.256510e+02,6.552946e-02,5.997886e-02,2.052584e-01,1.503012e+01,3.012246e-03,1.873256e-02,3.063053e-02
28,0.280000,1.961767e-01,-3.661572e+01,-1.124478e+01,-1.940543e+00,-2.903053e+01,-2.200876e+01,8.738437e+00,1.219101e+01,9.978984e+00,-1.746275e+01,-8.345824e+00,-8.596550e+00,-1.851348e+00,-2.648568e+01,-1.342457e+01,-2.314415e+01,-5.563866e+00,-3.878109e+00,-2.191841e+00,-2.358393e+00,-5.174363e+00,-4.476811e+00,-3.437014e+00,-2.555869e+00,4.292862e-01,5.766783e-01,6.846986e-01,1.010537e+00,1.463830e+00,1.601340e+00,1.854556e+00,2.638845e+00,2.249564e+02,7.933238e-01,3.261814e-02,3.146469e-01,-1.271112e-01,-1.755899e+00,-2.770717e+00,-2.148144e+00,-1.256048e+00,-2.360097e-01,3.200781e-01,1.464851e+00,3.338220e-01,9.867213e-01,-2.758209e+00,-5.768773e+00,-2.642892e+00,-1.249215e+00,-8.117662e-02,4.113176e-01,1.988437e-01,1.593889e-01,1.061244e-01,1.125703e-02,2.442045e-02,-9.116245e-03,7.121846e-03,-4.347408e-03,5.013764e-03,-9.626794e-03,-3.940582e-04,1.186162e-02,3.708541e-02,1.438754e-02,2.274460e-01,-2.762520e-03,2.254705e+02,6.835806e-02,6.031847e-02,1.473870e-01,1.153320e-01,-1.490922e-02,1.166706e-03,2.363448e-02
29,0.290000,2.426449e-01,-3.608425e+01,-1.153012e+01,-4.510887e+00,-3.145725e+01,-2.310757e+01,5.885071e+00,1.085097e+01,1.134699e+01,-1.447295e+01,-4.988008e+00,-7.494892e+00,-3.721639e+00,-3.048088e+01,-1.278735e+01,-2.465882e+01,-5.782462e+00,-3.419172e+00,-2.011503e+00,-2.282606e+00,-4.873095e+00,-4.355396e+00,-3.453987e+00,-2.546085e+00,4.311998e-01,5.685487e-01,7.173786e-01,1.043037e+00,1.460634e+00,1.635575e+00,1.995236e+00,2.665528e+00,2.251868e+02,7.800315e-01,1.602646e-02,3.524280e-01,2.120521e-01,-8.860314e-01,-6.112825e-01,-9.037064e-01,-1.130815e+00,-7.785423e-01,6.616648e-01,2.391656e+00,1.758551e+00,-2.497616e-01,-2.194505e+00,-2.039102e+00,1.459753e+00,1.627572e+00,-4.268561e-02,2.598869e-01,6.932922e-02,-6.819298e-02,1.409707e-01,4.133196e-02,2.463026e-02,-5.390644e-05,-2.794355e-04,-1.457027e-02,7.811361e-03,-8.743381e-03,-1.683655e-02,2.392423e-03,4.093552e-03,-7.438145e-02,2.306473e-01,-1.392501e-02,2.258779e+02,1.211581e-02,6.350356e-02,2.402661e-01,2.402573e-01,-1.404789e-02,-1.595256e-02,1.003404e-02
30,0.300000,2.270743e-01,-3.583228e+01,-1.084840e+01,-3.668128e+00,-2.986125e+01,-2.349288e+01,5.619916e+00,1.080152e+01,1.216227e+01,-1.186727e+01,-2.433120e+00,-9.780527e+00,-7.053654e+00,-2.915405e+01,-8.459311e+00,-2.020352e+01,-5.695900e+00,-3.285287e+00,-2.100382e+00,-2.617959e+00,-4.841737e+00,-4.314693e+00,-3.412722e+00,-2.531096e+00,4.224926e-01,5.429035e-01,7.220347e-01,1.024148e+00,1.457325e+00,1.646952e+00,1.939482e+00,2.612922e+00,2.254327e+02,7.595432e-01,-9.532002e-03,1.926769e-01,3.854571e-01,2.090969e-02,1.515042e+00,8.041880e-01,5.763454e-01,-1.546470e-01,7.088419e-01,1.164623e+00,1.625148e+00,-1.771617e+00,-7.315785e-01,3.154339e+00,4.387416e+00,3.532158e+00,1.319504e-02,-8.140707e-02,-2.238612e-02,-1.673486e-01,1.021321e-01,4.789967e-02,7.376218e-03,7.654714e-03,-2.549767e-04,-9.967583e-03,2.977377e-03,-8.941841e-03,-1.446078e-02,-9.977723e-03,-1.025789e-02,-1.027513e-01,1.853577e-01,-1.612891e-02,2.261707e+02,1.462797e-02,4.071181e-03,2.394388e-01,4.946899e-02,-6.953765e-03,-1.545375e-02,-1.249268e-02
31,0.310000,2.122457e-01,-3.552467e+01,-1.029912e+01,-3.200274e+00,-2.630613e+01,-2.174705e+01,7.641838e+00,1.102630e+01,1.328028e+01,-9.936919e+00,-7.316928e-01,-1.255014e+01,-5.431053e+00,-2.293715e+01,-5.642942e-01,-1.450304e+01,-5.663440e+00,-3.589768e+00,-2.134830e+00,-2.836226e+00,-4.708468e+00,-4.242378e+00,-3.319603e+00,-2.504096e+00,4.227364e-01,5.320786e-01,7.139888e-01,1.008242e+00,1.412867e+00,1.600291e+00,1.880687e+00,2.304327e+00,2.257001e+02,7.396961e-01,-2.514103e-03,-4.683418e-02,3.713109e-01,5.644373e-01,1.959261e+00,1.749519e+00,1.027511e+00,-2.496417e-01,-1.480294e-01,-8.279507e-01,1.115460e+00,-1.942440e+00,5.328184e-01,6.129130e+00,4.524223e+00,3.844618e+00,3.265653e-02,-3.100946e-01,-9.564972e-02,-1.759680e-01,3.599400e-02,2.666798e-02,-5.465732e-02,3.613710e-03,3.428552e-03,-1.117903e-03,7.287323e-04,-8.227348e-03,-5.710101e-03,-1.697048e-02,-6.345999e-03,-9.074402e-02,7.216339e-02,-1.051264e-02,2.265022e+02,2.215507e-02,8.339717e-03,2.094026e-01,-2.674072e-01,5.224370e-03,-9.631090e-03,-5.462967e-02
32,0.320000,1.637162e-01,-3.593213e+01,-9.932993e+00,-2.491301e+00,-2.403088e+01,-1.866808e+01,1.074178e+01,1.133011e+01,1.255655e+01,-1.390765e+01,-2.348244e+00,-1.492701e+01,-4.654534e+00,-1.448585e+01,2.400975e+00,-1.056125e+01,-5.557401e+00,-4.199846e+00,-2.242108e+00,-2.918326e+00,-4.746016e+00,-4.293822e+00,-3.467325e+00,-2.538590e+00,4.322430e-01,5.450754e-01,7.012804e-01,9.832251e-01,1.415410e+00,1.569094e+00,1.860541e+00,2.305689e+00,2.256265e+02,7.328470e-01,1.994936e-03,-2.138580e-01,3.054018e-02,4.950250e-01,1.106207e+00,1.818695e+00,-8.333492e-03,-5.883962e-01,-9.560297e-01,-2.112541e+00,1.205054e+00,-1.237022e+00,7.742591e-01,6.509447e+00,2.307893e+00,1.410126e+00,-3.922462e-03,-3.239061e-01,-1.245163e-01,-1.142219e-01,-1.252890e-03,3.806353e-02,-1.203725e-01,1.714897e-03,7.365781e-03,9.169335e-03,1.320469e-02,1.243062e-02,2.117910e-02,8.538127e-04,4.640800e-02,2.021806e-02,-6.825104e-02,-1.970303e-03,2.254057e+02,2.856961e-02,1.063162e-02,1.003553e-01,-4.895172e-01,4.769790e-03,3.861089e-03,-3.934089e-02
33,0.330000,2.617534e-01,-3.626849e+01,-1.013127e+01,-2.277114e+00,-2.457613e+01,-1.677238e+01,8.461696e+00,9.338469e+00,1.040970e+01,-1.759251e+01,5.468532e-01,-1.463385e+01,-2.257107e+00,-7.169329e+00,4.403618e+00,-1.025687e+01,-5.688428e+00,-4.512365e+00,-2.418888e+00,-3.012263e+00,-4.740986e+00,-4.232492e+00,-3.699972e+00,-2.524269e+00,4.434673e-01,5.618733e-01,7.313994e-01,1.022362e+00,1.453041e+00,1.589652e+00,2.002977e+00,2.365425e+00,2.254507e+02,7.408164e-01,5.253851e-04,-8.362808e-02,-2.230981e-01,5.402858e-01,8.740711e-02,5.240278e-01,-2.007171e+00,-7.841741e-01,-1.241865e+00,-1.203259e+00,2.305569e+00,-7.349328e-01,2.662220e-02,3.750514e+00,-3.310856e-01,-1.643731e+00,-1.271157e-02,-5.949030e-02,-1.110074e-01,-9.853201e-02,-2.656274e-02,9.107184e-02,-8.782528e-02,2.176538e-02,5.387622e-03,7.154411e-03,2.174962e-02,2.754645e-02,4.401910e-02,2.045853e-02,6.159630e-02,1.096359e-01,-1.387878e-01,5.687279e-03,2.249234e+02,3.126684e-02,1.206789e-02,3.665953e-02,-3.503982e-01,8.728734e-04,2.991612e-03,-1.145667e-02
34,0.340000,2.122951e-01,-3.652965e+01,-1.077963e+01,-1.654584e+00,-2.519522e+01,-1.688674e+01,5.168320e+00,8.703453e+00,8.817415e+00,-1.860218e+01,2.952874e+00,-1.492378e+01,-4.769331e+00,-4.490724e+00,5.961955e-01,-1.527598e+01,-5.703018e+00,-4.443519e+00,-2.580934e+00,-3.101050e+00,-4.831743e+00,-4.129318e+00,-3.824400e+00,-2.512435e+00,4.489560e-01,5.738528e-01,7.793528e-01,1.079242e+00,1.543134e+00,1.656541e+00,2.110377e+00,2.683463e+00,2.252162e+02,7.491315e-01,-1.658522e-02,2.382523e-01,-1.298609e-01,7.179634e-01,1.826212e-01,-6.750652e-01,-3.351448e+00,-1.040472e+00,-4.545416e-01,1.579487e+00,2.701200e+00,1.622495e-01,-1.683061e-01,-6.990671e-01,-1.547112e+00,-3.456211e+00,3.540783e-02,2.603631e-01,-5.195951e-02,-1.154112e-01,-3.285122e-03,1.222851e-01,2.782240e-02,2.562530e-02,-3.084642e-03,-6.380034e-03,2.267703e-02,3.155243e-02,4.043794e-02,2.330289e-02,3.902190e-02,9.952543e-02,-8.427887e-02,6.937534e-03,2.245125e+02,3.392103e-02,2.151254e-02,1.291059e-01,7.924958e-02,-3.108673e-03,1.888426e-03,2.056373e-02
35,0.350000,1.905832e-01,-3.564404e+01,-1.099130e+01,-9.172042e-01,-2.528693e+01,-2.001758e+01,3.927126e-01,8.418757e+00,8.940520e+00,-1.360595e+01,8.145593e+00,-1.622642e+01,-5.240543e+00,-9.182152e+00,-1.317332e+00,-2.036433e+01,-5.654190e+00,-3.765383e+00,-2.520453e+00,-3.237524e+00,-4.798418e+00,-3.869270e+00,-3.580192e+00,-2.408347e+00,4.413179e-01,5.534620e-01,7.837006e-01,1.097966e+00,1.569101e+00,1.658860e+00,2.063750e+00,2.663619e+00,2.252113e+02,7.599902e-01,-3.362494e-02,3.211731e-01,4.311914e-02,4.731003e-01,7.167160e-01,-1.036608e+00,-2.621454e+00,-9.975295e-01,8.873678e-01,3.322787e+00,2.647159e+00,1.752991e+00,-1.563134e-02,-4.086144e+00,-2.418995e+00,-3.382674e+00,4.799400e-02,4.166235e-01,6.932187e-03,-9.016907e-02,1.976233e-02,9.787095e-02,9.629440e-02,1.220326e-02,-1.065872e-02,-1.701254e-02,1.084472e-02,1.798223e-02,1.968709e-02,9.033012e-03,6.816053e-03,5.775757e-02,5.914307e-03,-1.008224e-03,2.251968e+02,2.384373e-02,1.785732e-02,1.377439e-01,-1.475830e+01,-7.226112e-03,-2.221682e-03,6.354909e-03
36,0.360000,1.163752e-01,-3.505309e+01,-1.015229e+01,4.185610e-01,-2.276238e+01,-2.042081e+01,-1.980968e+00,6.587603e+00,1.101843e+01,-8.003493e+00,7.358386e+00,-1.331948e+01,-4.004346e+00,-1.697478e+01,-2.474108e+00,-2.278858e+01,-5.397481e+00,-3.271522e+00,-2.451123e+00,-3.382751e+00,-4.733725e+00,-3.864007e+00,-3.388103e+00,-2.468425e+00,4.178945e-01,5.173809e-01,7.885149e-01,1.103185e+00,1.559569e+00,1.651004e+00,2.025264e+00,2.654219e+00,2.253248e+02,7.579477e-01,-1.217100e-02,1.518562e-01,2.202232e-01,-1.090131e-01,1.282682e+00,-9.213434e-01,-1.066615e+00,-1.404718e+00,1.820696e+00,2.923435e+00,1.770191e+00,4.027245e+00,4.594670e-01,-4.773437e+00,-1.843216e+00,-1.479141e+00,1.969957e-03,3.447859e-01,6.055617e-03,-5.570126e-02,3.187666e-02,4.457886e-02,9.265232e-02,-7.308650e-03,-1.407265e-02,-2.032706e-02,7.439851e-05,2.301490e-03,-9.259367e-03,-1.012546e-02,-3.304410e-03,-1.948094e-03,8.259125e-02,-1.470239e-02,2.256653e+02,1.673780e-02,1.717903e-02,1.526318e-01,-3.727432e+01,-8.562652e-03,-5.514722e-03,-3.055792e-02
37,0.370000,1.415886e-01,-3.540091e+01,-1.022935e+01,-9.481850e-01,-2.220897e+01,-2.018838e+01,-1.070929e+00,5.408746e+00,1.374604e+01,-6.277922e+00,1.157989e+01,-6.671044e+00,-2.717756e+00,-2.135802e+01,-6.156207e+00,-2.341393e+01,-5.601227e+00,-3.015246e+00,-2.449133e+00,-3.322257e+00,-4.691183e+00,-3.875793e+00,-3.436648e+00,-2.485258e+00,4.057045e-01,5.050465e-01,7.810419e-01,1.100301e+00,1.543258e+00,1.637586e+00,2.079613e+00,2.668835e+00,2.254259e+02,7.313672e-01,1.053812e-03,-2.957523e-01,-5.655289e-05,-8.815619e-01,1.393592e+00,-1.806848e-01,1.063620e+00,-5.510976e-01,2.036289e+00,2.867683e-01,2.938372e-01,4.768247e+00,4.453737e-01,-1.920593e+00,-1.104938e+00,3.310528e-01,-1.024418e-01,1.635673e-02,-5.078130e-02,1.796200e-02,-1.959467e-03,1.223469e-02,1.000087e-02,-3.058033e-02,-5.047283e-03,-5.254501e-03,-5.479538e-03,-1.546264e-04,-1.834707e-02,-1.590996e-02,-1.035812e-02,-6.029844e-03,8.179931e-02,-2.659560e-02,1.505555e+02,3.727896e-03,3.126232e-03,5.667116e-02,-6.005973e+01,-6.325956e-03,-5.158919e-03,-4.112669e-02
38,0.380000,1.759374e-01,-3.589194e+01,-1.005948e+01,-2.184159e+00,-2.032079e+01,-2.140806e+01,5.670660e-01,3.184871e+00,1.551814e+01,-7.649019e+00,1.008668e+01,4.347522e-01,-3.733390e+00,-2.226997e+01,-6.200447e+00,-2.114688e+01,-5.719650e+00,-3.094658e+00,-2.586316e+00,-3.337190e+00,-4.725977e+00,-3.903163e+00,-3.432910e+00,-2.510523e+00,3.963995e-01,4.964253e-01,7.810542e-01,1.089581e+00,1.509758e+00,1.616551e+00,2.085923e+00,2.671115e+00,2.255218e+02,6.899311e-01,7.684782e-03,-3.146366e-01,-2.166941e-01,-9.762821e-01,5.790802e-01,-3.568355e-01,2.434261e+00,1.081770e+00,1.353721e+00,-1.647162e+00,-4.129913e-01,2.800646e+00,1.067355e+00,1.403415e+00,1.521250e+00,1.545089e+00,-1.608377e-01,-2.329677e-01,-2.944500e-02,8.184393e-02,-4.732118e-02,1.691985e-02,9.489870e-03,5.794764e-04,4.244971e-03,1.020849e-02,-1.467749e-02,-9.482468e-03,-2.816699e-02,-1.376178e-02,-4.548115e-02,-5.939345e-02,1.223663e-01,-2.255056e-02,7.546155e+01,1.165688e-03,1.304473e-03,1.685274e-02,-4.486031e+01,-3.720350e-03,-3.748429e-03,-1.655250e-02
39,0.390000,1.660712e-01,-3.670338e+01,-1.103798e+01,-4.023654e+00,-1.953977e+01,-2.042738e+01,4.436796e+00,7.364635e+00,1.687211e+01,-1.234935e+01,8.250631e+00,7.377027e-01,-3.149153e+00,-1.613752e+01,-4.978851e+00,-1.952991e+01,-6.005314e+00,-3.772031e+00,-2.706763e+00,-3.170495e+00,-4.812089e+00,-3.788519e+00,-3.507784e+00,-2.540199e+00,4.268290e-01,5.376673e-01,7.600333e-01,1.103995e+00,1.502271e+00,1.596537e+00,1.981630e+00,2.625022e+00,2.255218e+02,6.610205e-01,-1.981701e-03,-2.649452e-01,-3.660702e-01,1.483418e-02,-1.300856e-01,5.661049e-02,2.853725e+00,2.249950e+00,5.553280e-01,-2.038973e+00,-1.731256e+00,-6.369779e-01,1.838510e+00,3.708158e+00,2.907902e+00,1.814307e+00,-1.010345e-01,-4.027303e-01,-1.645913e-02,5.560980e-02,-9.764376e-02,-3.597133e-02,1.125968e-02,3.085475e-02,9.847537e-03,1.718096e-02,-1.848595e-02,-1.529020e-02,-3.091595e-02,-5.541837e-03,-9.475585e-02,-8.838346e-02,2.189209e-01,-5.248559e-03,0,0,0,0,5.085701e-01,-8.621480e-04,-7.556937e-04,3.608292e-02
40,0.400000,1.425578e-01,-3.597504e+01,-1.083144e+01,-2.925115e+00,-2.120158e+01,-2.208549e+01,7.436472e+00,1.101851e+01,1.622400e+01,-1.320359e+01,6.958059e+00,-3.020620e+00,1.548125e+00,-1.256795e+01,4.543461e+00,-1.700515e+01,-5.999626e+00,-4.057968e+00,-2.469533e+00,-3.049413e+00,-4.909878e+00,-3.823045e+00,-3.305086e+00,-2.438057e+00,4.285571e-01,5.521130e-01,7.256318e-01,1.053926e+00,1.439228e+00,1.602719e+00,1.846850e+00,2.379158e+00,2.258887e+02,6.803682e-01,-1.292145e-02,-1.754501e-01,-5.017691e-01,8.516618e-01,-1.336386e+00,-1.923109e-01,2.430983e+00,2.085929e+00,-1.071556e-01,-7.775012e-01,-1.038274e+00,-2.640047e+00,2.136438e+00,3.172284e+00,2.601045e+00,1.600390e+00,-7.496233e-02,-3.019353e-01,1.657431e-02,7.716679e-03,-1.280063e-01,-1.213992e-01,1.740122e-02,7.457542e-02,2.960187e-03,1.216290e-02,-1.653997e-02,-2.474350e-02,-2.606178e-02,1.724815e-03,-8.979066e-02,-7.698748e-02,3.342636e-01,1.081685e-02,7.664149e+01,0,0,9.820486e-02,3.066019e+01,-2.331375e-04,-2.608947e-04,5.555237e-02
41,0.410000,1.483699e-01,-3.668409e+01,-1.167372e+01,-5.035360e-01,-2.241900e+01,-1.956661e+01,9.762995e+00,1.274168e+01,1.616974e+01,-1.369550e+01,4.487919e+00,-8.128247e+00,3.834036e+00,-7.668241e+00,3.011353e+00,-1.641327e+01,-5.966411e+00,-4.547243e+00,-2.589820e+00,-3.188097e+00,-5.087451e+00,-4.095708e+00,-3.444262e+00,-2.367218e+00,4.388634e-01,5.631075e-01,7.163234e-01,1.041678e+00,1.423944e+00,1.616792e+00,1.725371e+00,2.372896e+00,2.263371e+02,7.099058e-01,-1.166917e-02,-2.529217e-01,-5.544769e-01,9.725488e-01,-1.797585e+00,-5.327816e-01,1.241122e+00,2.450225e-01,-5.151756e-01,2.730358e-01,-2.053325e+00,-2.906976e+00,6.799902e-01,7.829080e-01,2.426978e-01,1.109682e+00,-2.852988e-02,-1.491859e-01,5.445647e-03,-6.139808e-02,-1.131288e-01,-2.006480e-01,6.590867e-03,7.446988e-02,-5.193788e-03,8.184314e-05,-1.052827e-02,-2.359381e-02,-1.539475e-02,2.275073e-03,-5.065637e-02,-3.707528e-03,3.487518e-01,1.427120e-02,1.525083e+02,0,0,1.964097e-01,3.784466e+01,0,0,4.230097e-02
42,0.420000,1.201808e-01,-3.677884e+01,-1.225046e+01,3.140908e-01,-2.556310e+01,-2.279999e+01,1.005888e+01,1.092600e+01,1.533354e+01,-1.086345e+01,6.776667e+00,-8.332505e+00,3.457204e+00,-1.064319e+01,2.809678e+00,-1.470325e+01,-6.113913e+00,-4.216729e+00,-2.561916e+00,-3.289806e+00,-5.228327e+00,-4.356564e+00,-3.377665e+00,-2.224136e+00,4.051832e-01,5.445197e-01,7.202093e-01,9.970224e-01,1.418613e+00,1.615047e+00,1.765100e+00,2.412241e+00,2.267855e+02,7.195727e-01,-6.134300e-03,-4.113510e-01,-4.944111e-01,3.368447e-01,-1.124897e+00,-2.321732e-01,-1.318455e-03,-9.196128e-01,-7.011474e-01,-6.711864e-03,-2.779778e+00,-2.019040e+00,-6.408144e-01,-1.724502e+00,-2.569810e+00,1.008577e+00,3.584385e-04,-6.984282e-02,-5.651028e-02,-7.688465e-02,-6.671681e-02,-1.786129e-01,-3.480396e-02,2.292960e-02,-8.363202e-03,-3.750914e-03,-5.373806e-03,-1.418570e-02,-2.550781e-03,-1.042953e-02,-1.188573e-02,6.036632e-02,1.844345e-01,6.287974e-03,1.525083e+02,0,0,1.964097e-01,1.459175e+01,0,0,2.637316e-03
43,0.430000,1.189138e-01,-3.756609e+01,-1.310086e+01,-7.805128e-01,-2.634693e+01,-2.273403e+01,9.331198e+00,8.636003e+00,1.474146e+01,-1.215424e+01,-1.925300e+00,-1.114123e+01,-7.037413e-01,-1.318536e+01,-2.898471e+00,-1.513245e+01,-6.090820e+00,-4.438580e+00,-2.633343e+00,-3.357289e+00,-5.218509e+00,-4.525000e+00,-3.438540e+00,-2.274810e+00,4.125470e-01,5.418732e-01,7.101032e-01,1.014478e+00,1.435605e+00,1.601748e+00,1.769223e+00,2.589943e+00,2.268172e+02,7.127743e-01,-1.018955e-03,-2.701511e-01,-3.130333e-01,-2.663243e-01,-3.940857e-01,-1.716877e-01,-8.758079e-01,-7.229258e-01,-3.305449e-01,-4.872650e-01,-3.620147e+00,-1.917932e+00,-1.783180e+00,-3.202637e+00,-2.884767e+00,9.479603e-01,5.058460e-02,-2.709007e-02,-2.628934e-02,-5.361591e-02,-6.626511e-03,-8.499012e-02,-2.286158e-02,-1.416767e-02,-7.298416e-03,-6.032038e-03,-1.387416e-02,-1.434289e-02,-1.131420e-02,-2.713443e-02,-1.102743e-02,1.446152e-03,-1.123230e-01,1.651770e-03,1.512899e+02,0,0,1.624024e-01,1.403218e+01,3.489974e-03,1.053643e-03,1.351756e-02
44,0.440000,1.266143e-01,-3.759079e+01,-1.258993e+01,-1.102403e+00,-2.486210e+01,-2.166264e+01,7.645779e+00,8.473282e+00,1.343240e+01,-1.400778e+01,-3.734219e+00,-1.160933e+01,6.129412e-01,-1.843190e+01,-5.350675e+00,-1.260267e+01,-5.935629e+00,-4.461513e+00,-2.730323e+00,-3.349240e+00,-5.177933e+00,-4.501463e+00,-3.481967e+00,-2.369612e+00,3.998993e-01,5.439756e-01,7.018728e-01,9.965976e-01,1.420643e+00,1.558094e+00,1.765495e+00,2.572466e+00,2.265708e+02,7.103739e-01,1.332203e-02,-1.761391e-01,-1.124399e-01,-1.391504e-02,9.991257e-01,9.041281e-01,-1.064984e+00,6.077567e-01,4.277705e-01,-1.105839e+00,-2.100275e+00,-7.815753e-01,-1.649693e+00,-2.632464e+00,-3.229699e+00,2.835678e-01,1.047916e-01,-4.679332e-02,-8.146703e-02,-5.456195e-02,-8.164883e-04,3.792319e-02,-4.741392e-02,-3.662241e-02,-2.738494e-03,-3.268904e-03,-1.367892e-02,-2.531785e-03,-1.308777e-02,-2.749108e-02,-2.739828e-02,-5.927978e-02,-4.622040e-01,2.785426e-03,1.502095e+02,0,0,1.283951e-01,2.117484e+01,5.757453e-03,2.572605e-03,3.538541e-02
45,0.450000,1.400584e-01,-3.762886e+01,-1.306915e+01,-1.126910e+00,-2.473993e+01,-2.099373e+01,6.590508e+00,1.035341e+01,1.546759e+01,-1.455966e+01,-8.357371e+00,-1.607950e+01,-3.659731e+00,-1.978707e+01,-7.332305e+00,-1.272376e+01,-5.802630e+00,-4.560301e+00,-2.637064e+00,-3.426459e+00,-5.145781e+00,-4.448209e+00,-3.506419e+00,-2.365318e+00,4.050133e-01,5.332193e-01,6.561208e-01,9.701760e-01,1.366357e+00,1.509597e+00,1.670036e+00,2.300014e+00,2.258828e+02,7.227641e-01,1.322697e-02,-3.411712e-02,-1.208697e-01,5.903519e-01,1.252447e+00,-2.144373e-01,-6.546068e-01,1.693813e+00,1.317961e+00,-7.605447e-01,1.322993e+00,1.232087e+00,-1.136001e+00,-2.425019e+00,-1.957562e+00,-8.871047e-01,4.998340e-02,1.063588e-01,-6.553011e-02,-4.846571e-02,-8.560295e-02,1.115517e-01,3.018703e-02,1.509628e-02,-4.777345e-03,-5.133080e-03,-5.719083e-03,9.812588e-03,1.241505e-03,-7.255948e-03,3.844821e-03,-9.030509e-02,-6.869522e-01,3.942043e-03,2.238187e+02,1.744987e-02,5.268217e-03,2.980048e-01,2.114375e+01,6.541193e-03,4.060815e-03,4.784681e-02
46,0.460000,1.762187e-01,-3.762814e+01,-1.282851e+01,4.177144e-01,-2.137097e+01,-1.914951e+01,6.104307e+00,1.310608e+01,1.710933e+01,-1.518993e+01,-5.086718e-01,-9.771251e+00,-3.313266e+00,-2.050465e+01,-1.112190e+01,-1.448976e+01,-5.734050e+00,-4.389835e+00,-2.967391e+00,-3.528030e+00,-5.268774e+00,-4.205343e+00,-3.580796e+00,-2.361995e+00,3.952576e-01,5.325021e-01,6.788059e-01,1.006514e+00,1.387798e+00,1.523668e+00,1.677702e+00,2.260806e+00,2.249417e+02,7.285050e-01,1.186825e-02,-6.213532e-02,-2.729076e-01,8.344253e-01,7.137091e-01,-1.409123e+00,-3.109017e-01,2.557824e+00,2.163252e+00,-1.078257e-01,3.263246e+00,3.056869e+00,-3.527223e-01,-1.508554e+00,-3.897521e-01,-1.743990e+00,-8.699627e-02,1.879762e-01,-2.136889e-02,-3.629158e-02,-1.649061e-01,1.262748e-01,7.860725e-02,4.411175e-02,5.883783e-04,-4.306125e-03,9.194446e-03,3.013865e-02,2.805852e-02,2.099716e-02,5.581545e-02,-1.276946e-03,-7.039291e-01,1.738268e-03,2.221182e+02,2.006233e-02,1.022892e-02,3.055355e-01,1.391519e+01,2.089971e-03,3.968560e-03,1.886407e-02
47,0.470000,1.602465e-01,-3.771800e+01,-1.358591e+01,1.411188e+00,-2.183026e+01,-2.506279e+01,6.828899e+00,1.478867e+01,1.949281e+01,-1.536589e+01,3.076894e+00,-5.899838e+00,-4.420642e+00,-2.427408e+01,-9.800668e+00,-1.862443e+01,-5.941693e+00,-3.942625e+00,-2.842459e+00,-3.510222e+00,-5.601103e+00,-4.115301e+00,-3.238191e+00,-2.203138e+00,3.909811e-01,5.219445e-01,6.930413e-01,1.058582e+00,1.458235e+00,1.582682e+00,1.832344e+00,2.294247e+00,2.241970e+02,7.234190e-01,7.124923e-03,-6.848259e-02,-2.121444e-01,7.238129e-01,2.605661e-01,-1.888422e+00,-1.369100e-01,2.332141e+00,1.866365e+00,1.877864e-01,3.781805e+00,3.768581e+00,8.322083e-01,-1.111472e+00,7.590746e-01,-1.517958e+00,-1.563928e-01,2.019026e-01,3.811121e-03,-8.550024e-03,-1.764072e-01,9.921317e-02,9.244995e-02,4.021988e-02,2.428758e-03,-1.469362e-03,1.971070e-02,3.623969e-02,4.244788e-02,3.367493e-02,8.724812e-02,8.460598e-02,-5.024979e-01,-1.781976e-03,2.210543e+02,2.267480e-02,1.518962e-02,3.130662e-01,-6.252548e-01,-3.144989e-03,2.388095e-03,-2.559909e-02
48,0.480000,1.758615e-01,-3.785690e+01,-1.369609e+01,1.800675e+00,-2.274839e+01,-2.667373e+01,5.972074e+00,1.904477e+01,2.223606e+01,-1.414380e+01,6.864879e+00,-1.414810e+00,-7.702149e-01,-2.373117e+01,-6.065254e+00,-1.837229e+01,-6.301079e+00,-3.830470e+00,-2.734469e+00,-3.488816e+00,-5.774803e+00,-4.036543e+00,-3.223045e+00,-2.230144e+00,4.098573e-01,5.280824e-01,7.293848e-01,1.103088e+00,1.514997e+00,1.626537e+00,1.963418e+00,2.568965e+00,2.238941e+02,7.187378e-01,1.490076e-03,-5.964126e-02,-1.845324e-01,3.155407e-01,-3.672960e-01,-1.665939e+00,-1.121292e-01,1.613347e+00,1.299670e+00,3.314360e-01,1.853509e+00,2.119791e+00,8.736531e-01,-5.910128e-01,1.384870e+00,-7.512903e-01,-1.493444e-01,1.230885e-01,5.738344e-02,9.983445e-03,-1.185758e-01,4.163575e-02,7.306478e-02,2.366953e-02,4.807553e-03,-2.701521e-04,1.375015e-02,2.376525e-02,3.111601e-02,2.495939e-02,7.025071e-02,8.910342e-02,-2.398056e-01,-2.421552e-03,2.211676e+02,7.837391e-03,1.488210e-02,2.151848e-01,-1.787659e-01,-3.928729e-03,8.998850e-04,-2.785830e-02
